,results
0,translate
1,translate
2,translate
3,translate
4,translate
5,translate
6,translate
7,travel_alert
8,travel_alert
9,travel_alert
10,travel_alert
11,travel_alert
12,flight_status
13,flight_status
14,flight_status
15,flight_status
16,flight_status
17,flight_status
18,lost_luggage
19,lost_luggage
20,lost_luggage
21,lost_luggage
22,lost_luggage
23,lost_luggage
24,lost_luggage
25,travel_suggestion
26,travel_suggestion
27,book_hotel
28,travel_suggestion
29,travel_suggestion
30,travel_suggestion
31,travel_suggestion
32,travel_suggestion
33,carry_on
34,carry_on
35,carry_on
36,carry_on
37,carry_on
38,carry_on
39,carry_on
40,carry_on
41,book_hotel
42,book_hotel
43,book_hotel
44,book_hotel
45,book_hotel
46,book_hotel
47,book_hotel
48,book_flight
49,book_flight
50,book_flight
51,book_flight
52,book_flight
53,book_flight
54,out_of_scope
55,out_of_scope
56,out_of_scope
57,out_of_scope
58,out_of_scope
59,out_of_scope
60,out_of_scope
61,out_of_scope
62,out_of_scope
63,out_of_scope
64,out_of_scope
65,out_of_scope
66,out_of_scope
67,out_of_scope
68,out_of_scope
69,out_of_scope
70,out_of_scope
71,out_of_scope
72,out_of_scope
73,out_of_scope
74,out_of_scope
75,out_of_scope
76,book_hotel
77,translate
78,translate
79,translate
80,translate
81,translate
82,travel_alert
83,travel_alert
84,travel_alert
85,travel_alert
86,travel_alert
87,flight_status
88,flight_status
89,flight_status
90,flight_status
91,flight_status
92,lost_luggage
93,lost_luggage
94,lost_luggage
95,lost_luggage
96,lost_luggage
97,travel_suggestion
98,travel_suggestion
99,travel_suggestion
100,travel_suggestion
101,travel_suggestion
102,carry_on
103,carry_on
104,carry_on
105,carry_on
106,carry_on
107,book_hotel
108,book_hotel
109,book_hotel
110,book_hotel
111,book_hotel
112,book_flight
113,book_flight
114,book_flight
115,book_flight
116,book_flight
117,out_of_scope
118,out_of_scope
119,out_of_scope
120,out_of_scope
121,travel_suggestion
122,travel_suggestion
123,translate
124,travel_suggestion
125,travel_suggestion
126,travel_suggestion
127,translate
128,translate
129,translate
130,translate
131,translate
132,flight_status
133,flight_status
134,flight_status
135,flight_status
136,flight_status
137,lost_luggage
138,lost_luggage
139,lost_luggage
140,lost_luggage
141,lost_luggage
142,carry_on
143,carry_on
144,carry_on
145,carry_on
146,carry_on
147,book_hotel
148,book_hotel
149,book_hotel
150,book_hotel
151,book_hotel
152,book_flight
153,book_flight
154,book_flight
155,book_flight
156,book_flight
157,translate
158,translate
159,translate
160,translate
161,translate
162,travel_alert
163,travel_alert
164,travel_alert
165,travel_alert
166,travel_alert
167,flight_status
168,flight_status
169,flight_status
170,flight_status
171,flight_status
172,lost_luggage
173,lost_luggage
174,lost_luggage
175,lost_luggage
176,lost_luggage
177,travel_suggestion
178,travel_suggestion
179,book_hotel
180,travel_suggestion
181,travel_suggestion
182,carry_on
183,carry_on
184,carry_on
185,carry_on
186,carry_on
187,book_hotel
188,book_hotel
189,book_hotel
190,book_hotel
191,book_hotel
192,book_flight
193,book_flight
194,book_flight
195,book_flight
196,book_flight
197,out_of_scope
198,out_of_scope
199,out_of_scope
200,out_of_scope
201,out_of_scope
202,book_hotel
203,translate
204,translate
205,translate
206,translate
207,travel_alert
208,travel_alert
209,travel_alert
210,travel_alert
211,travel_alert
212,flight_status
213,flight_status
214,flight_status
215,flight_status
216,flight_status
217,lost_luggage
218,lost_luggage
219,lost_luggage
220,lost_luggage
221,lost_luggage
222,travel_suggestion
223,travel_suggestion
224,travel_suggestion
225,travel_suggestion
226,travel_suggestion
227,carry_on
228,carry_on
229,carry_on
230,carry_on
231,carry_on
232,book_hotel
233,book_hotel
234,book_hotel
235,book_hotel
236,book_hotel
237,book_flight
238,book_flight
239,book_flight
240,book_flight
241,book_flight
242,out_of_scope
243,out_of_scope
244,out_of_scope
245,out_of_scope
246,out_of_scope
247,travel_suggestion
248,travel_suggestion
249,travel_suggestion
250,travel_suggestion
251,travel_suggestion
252,translate
253,translate
254,translate
255,translate
256,translate
257,travel_alert
258,travel_alert
259,travel_alert
260,travel_alert
261,travel_alert
262,flight_status
263,flight_status
264,flight_status
265,flight_status
266,flight_status
267,lost_luggage
268,lost_luggage
269,lost_luggage
270,lost_luggage
271,lost_luggage
272,carry_on
273,carry_on
274,carry_on
275,carry_on
276,carry_on
277,book_hotel
278,book_hotel
279,book_hotel
280,book_hotel
281,book_hotel
282,book_flight
283,book_flight
284,book_flight
285,book_flight
286,travel_suggestion
287,travel_suggestion
288,travel_suggestion
289,travel_suggestion
290,travel_suggestion
291,translate
292,translate
293,translate
294,translate
295,translate
296,flight_status
297,flight_status
298,flight_status
299,flight_status
300,flight_status
301,lost_luggage
302,lost_luggage
303,lost_luggage
304,lost_luggage
305,lost_luggage
306,carry_on
307,carry_on
308,carry_on
309,carry_on
310,carry_on
311,book_hotel
312,book_hotel
313,book_hotel
314,book_hotel
315,book_hotel
316,book_flight
317,book_flight
318,book_flight
319,book_flight
320,book_flight
321,out_of_scope
322,out_of_scope
323,out_of_scope
324,out_of_scope
325,out_of_scope
